{
  "log_id": "23b0b8ae-a846-4317-beac-ff86b0355887",
  "timestamp": "2025-07-10T11:29:15.189987+05:30",
  "model_name": "xgboost_bank_deposit",
  "input_features": {
    "age": 42.0,
    "balance": 2519.0,
    "day": 15.0,
    "duration": 262.0,
    "campaign": 4.0,
    "pdays": -1.0,
    "previous": 0.0,
    "job_blue-collar": 1,
    "job_entrepreneur": 0,
    "job_housemaid": 0,
    "job_management": 0,
    "job_retired": 0,
    "job_self-employed": 0,
    "job_services": 0,
    "job_student": 0,
    "job_technician": 0,
    "job_unemployed": 0,
    "job_unknown": 0,
    "marital_married": 1,
    "marital_single": 0,
    "education_secondary": 0,
    "education_tertiary": 0,
    "education_unknown": 0,
    "default_yes": 0,
    "housing_yes": 1,
    "loan_yes": 0,
    "contact_telephone": 0,
    "contact_unknown": 1,
    "month_aug": 0,
    "month_dec": 0,
    "month_feb": 0,
    "month_jan": 0,
    "month_jul": 0,
    "month_jun": 0,
    "month_mar": 0,
    "month_may": 1,
    "month_nov": 0,
    "month_oct": 0,
    "month_sep": 0,
    "poutcome_other": 0,
    "poutcome_success": 0,
    "poutcome_unknown": 1
  },
  "prediction": 0,
  "probability": 0.0027621735353022814,
  "shap_contributions": {
    "age": -0.05825835093855858,
    "balance": 0.11584639549255371,
    "day": 0.03653496503829956,
    "duration": -1.0419111251831055,
    "campaign": -0.11117720603942871,
    "pdays": -0.03370482102036476,
    "previous": -0.021319517865777016,
    "job_blue-collar": -0.06945845484733582,
    "job_entrepreneur": 0.0,
    "job_housemaid": 0.004825035575777292,
    "job_management": 0.0,
    "job_retired": -8.782757504377514e-05,
    "job_self-employed": 0.0020478637889027596,
    "job_services": 0.0001162465414381586,
    "job_student": -0.0011792955920100212,
    "job_technician": 0.00029390802956186235,
    "job_unemployed": 0.0,
    "job_unknown": 0.0,
    "marital_married": -0.06776781380176544,
    "marital_single": 0.0002743406512308866,
    "education_secondary": -0.0004434445290826261,
    "education_tertiary": -0.036537591367959976,
    "education_unknown": 0.00010075986938318238,
    "default_yes": 0.0,
    "housing_yes": -0.31387555599212646,
    "loan_yes": 0.02417648211121559,
    "contact_telephone": 0.0014885228592902422,
    "contact_unknown": -1.7115706205368042,
    "month_aug": 0.034790072590112686,
    "month_dec": -0.008216090500354767,
    "month_feb": -0.012590906582772732,
    "month_jan": -0.009183642454445362,
    "month_jul": 0.046672262251377106,
    "month_jun": 0.034567419439554214,
    "month_mar": -0.03140522539615631,
    "month_may": -0.35824400186538696,
    "month_nov": -0.05383271351456642,
    "month_oct": -0.04145507514476776,
    "month_sep": -0.023031488060951233,
    "poutcome_other": -0.003316363086923957,
    "poutcome_success": -0.08654256165027618,
    "poutcome_unknown": -0.010258978232741356
  }
}